{"topics": [{"id": "98b5e499-94a7-4367-8bd5-191fae85ed16", "title": "Basics of Motion", "description": "Understand the fundamental concepts of motion, velocity, and acceleration.", "icon": "\ud83d\ude80", "created_by": "testuser", "created_at": "2025-05-09T01:40:43.072175", "modified_at": "2025-05-09T01:40:43.080034", "content_sections": [{"id": "7d9f8c34-397c-4301-8d30-023e962175b7", "title": "Distance vs. Displacement", "content_type": "text", "content_data": {"text": "Distance is a scalar quantity that refers to how much ground an object has covered during its motion.\n                    \nDisplacement is a vector quantity that refers to how far out of place an object is. It is the object's overall change in position."}, "created_at": "2025-05-09T01:40:43.074653"}, {"id": "99a10b69-74cb-42f3-9204-a2ff3cc57635", "title": "Velocity vs. Speed", "content_type": "text", "content_data": {"text": "Speed is a scalar quantity that refers to how fast an object is moving.\n                    \nVelocity is a vector quantity that refers to the rate at which an object changes its position in a specific direction."}, "created_at": "2025-05-09T01:40:43.076035"}, {"id": "b8ac5369-31d0-4720-b07f-087297f5bc5f", "title": "Distance-Time Graph for Different Types of Motion", "content_type": "chart", "content_data": {"chart_type": "line", "title": "Distance-Time Graph for Different Types of Motion", "x_label": "Time (s)", "y_label": "Distance (m)", "x_data": [0, 1, 2, 3, 4, 5], "y_data": [0, 5, 10, 15, 20, 25]}, "created_at": "2025-05-09T01:40:43.079572"}]}, {"id": "c3a72737-699e-4b02-8bbe-a8f1fc4476bb", "title": "D", "description": "d", "icon": "\ud83d\udcda", "created_by": "testuser", "created_at": "2025-05-09T02:51:01.460759", "modified_at": "2025-05-09T02:51:01.460766", "content_sections": []}], "quizzes": [{"id": "8f0ec9a0-fd29-49b6-b60a-f3383aed610e", "title": "Basics of Motion Quiz", "description": "Quiz about Basics of Motion", "topic_id": "98b5e499-94a7-4367-8bd5-191fae85ed16", "created_by": "testuser", "created_at": "2025-05-09T01:40:43.081402", "modified_at": "2025-05-09T01:40:43.083384", "difficulty": "medium", "questions": [{"id": "2afa98ba-b969-48d0-a1fc-48d3de7410df", "question_text": "What is the difference between speed and velocity?", "question_type": "multiple_choice", "correct_answer": "Speed is scalar, velocity is vector", "created_at": "2025-05-09T01:40:43.082965", "options": ["Speed is scalar, velocity is vector", "Speed is faster than velocity", "Velocity is always positive, speed can be negative", "There is no difference"], "explanation": "Speed is a scalar quantity that only considers how fast an object moves. Velocity is a vector quantity that considers both speed and direction."}]}, {"id": "481b582d-7087-4753-8f6e-78a7551d5b5c", "title": "Basics of Motion Quiz", "description": "A easy difficulty quiz about Basics of Motion.", "topic_id": "98b5e499-94a7-4367-8bd5-191fae85ed16", "created_by": "testuser", "created_at": "2025-05-09T04:36:42.986624", "modified_at": "2025-05-09T04:36:43.013802", "difficulty": "easy", "questions": [{"id": "9b35ea9c-c49c-49dc-9bb5-4480f764eed2", "question_text": "Multiple-choice question 1 about Basics of Motion?", "question_type": "multiple_choice", "correct_answer": "Option 1", "created_at": "2025-05-09T04:36:42.987311", "options": ["Option 1", "Option 2", "Option 3", "Option 4"], "explanation": "Explanation of the correct answer"}, {"id": "7f8bad2c-cb3f-4793-9650-d149e8ee3b0d", "question_text": "Short-answer question 2 about Basics of Motion?", "question_type": "text_input", "correct_answer": "Answer", "created_at": "2025-05-09T04:36:43.001408", "explanation": "Explanation of the correct answer"}, {"id": "ec885823-138f-4ca7-957e-1f28d957040e", "question_text": "Multiple-choice question 3 about Basics of Motion?", "question_type": "multiple_choice", "correct_answer": "Option 1", "created_at": "2025-05-09T04:36:43.002168", "options": ["Option 1", "Option 2", "Option 3", "Option 4"], "explanation": "Explanation of the correct answer"}, {"id": "9c020db4-77a3-4cb7-844a-941155907540", "question_text": "Short-answer question 4 about Basics of Motion?", "question_type": "text_input", "correct_answer": "Answer", "created_at": "2025-05-09T04:36:43.011069", "explanation": "Explanation of the correct answer"}, {"id": "ba44db48-b991-4ae1-b573-a2c5a4519be3", "question_text": "Multiple-choice question 5 about Basics of Motion?", "question_type": "multiple_choice", "correct_answer": "Option 1", "created_at": "2025-05-09T04:36:43.013683", "options": ["Option 1", "Option 2", "Option 3", "Option 4"], "explanation": "Explanation of the correct answer"}]}]}