{
  "id": "4ca84caa-45fa-4799-8cfa-db3630d8852d",
  "title": "\u3147",
  "description": "\u3147",
  "icon": "\ud83d\udcda",
  "entity_type": "custom",
  "entity_name_singular": "Item",
  "entity_name_plural": "Items",
  "properties": [
    {
      "id": "name",
      "name": "Name",
      "type": "text",
      "description": "Name of the item",
      "is_required": true,
      "is_searchable": true,
      "is_quiz_field": true
    },
    {
      "id": "symbol",
      "name": "Symbol or Code",
      "type": "text",
      "description": "Symbol or short code for the item",
      "is_required": true,
      "is_searchable": true,
      "is_quiz_field": true
    },
    {
      "id": "description",
      "name": "Description",
      "type": "text_long",
      "description": "Detailed description of the item",
      "is_required": true,
      "is_searchable": true,
      "is_quiz_field": true
    }
  ],
  "entities": [
    {
      "id": "92de3507-8c84-424c-924f-d38015ccabc6",
      "name": "",
      "description": "",
      "symbol": ""
    },
    {
      "id": "9b4f09a6-8768-4322-b6e3-93a6364c6ace",
      "name": "New Item",
      "description": "",
      "symbol": ""
    },
    {
      "id": "2bcbaa1f-f009-4a74-aa67-67298048caed",
      "name": "New Item",
      "description": "",
      "symbol": ""
    }
  ],
  "created_by": "testuser",
  "created_at": "2025-05-09T09:41:58.225969",
  "updated_at": "2025-05-11T11:10:12.050282"
}