{
  "id": "5dcb3d6e-ee44-4171-bd66-bf65ad06f8ab",
  "title": "\u3147",
  "description": "d",
  "icon": "\ud83d\udcda",
  "entity_type": "custom",
  "entity_name_singular": "Item",
  "entity_name_plural": "Items",
  "properties": [
    {
      "id": "name",
      "name": "Name",
      "type": "text",
      "description": "Name of the item",
      "is_required": true,
      "is_searchable": true,
      "is_quiz_field": true
    },
    {
      "id": "symbol",
      "name": "Symbol or Code",
      "type": "text",
      "description": "Symbol or short code for the item",
      "is_required": true,
      "is_searchable": true,
      "is_quiz_field": true
    },
    {
      "id": "description",
      "name": "Description",
      "type": "text_long",
      "description": "Detailed description of the item",
      "is_required": true,
      "is_searchable": true,
      "is_quiz_field": true
    }
  ],
  "entities": [
    {
      "id": "entity_0eea8a15",
      "name": "New Item",
      "description": "",
      "values": {
        "name": "",
        "symbol": "",
        "description": ""
      }
    },
    {
      "id": "entity_1ba077f9",
      "name": "New Item",
      "description": "",
      "values": {
        "name": "",
        "symbol": "",
        "description": ""
      }
    },
    {
      "id": "entity_2a46383a",
      "name": "New Item",
      "description": "",
      "values": {
        "name": "",
        "symbol": "",
        "description": ""
      }
    },
    {
      "id": "entity_90fb07db",
      "name": "New Item",
      "description": "",
      "values": {
        "name": "",
        "symbol": "",
        "description": ""
      }
    },
    {
      "id": "entity_6998023e",
      "name": "New Item",
      "description": "",
      "values": {
        "name": "",
        "symbol": "",
        "description": ""
      }
    },
    {
      "id": "entity_0c2596d5",
      "name": "New Item",
      "description": "",
      "values": {
        "name": "",
        "symbol": "",
        "description": ""
      }
    }
  ],
  "created_by": "testuser",
  "created_at": "2025-05-11T11:54:46.484623",
  "updated_at": "2025-05-11T12:20:19.148817"
}