{
  "id": "7e28f1e5-3f16-4978-bd1a-6c991f521cd4",
  "title": "\ud14c\uc2a4\ud2b8",
  "description": "\ud14c\uc2a4\ud2b8",
  "icon": "\ud83d\udcda\ud14c\uc2a4\ud2b8",
  "entity_type": "custom",
  "entity_name_singular": "Item",
  "entity_name_plural": "Items",
  "properties": [
    {
      "id": "name",
      "name": "Name",
      "type": "text",
      "description": "Name of the item",
      "is_required": true,
      "is_searchable": true,
      "is_quiz_field": true
    },
    {
      "id": "symbol",
      "name": "Symbol or Code",
      "type": "text",
      "description": "Symbol or short code for the item",
      "is_required": true,
      "is_searchable": true,
      "is_quiz_field": true
    },
    {
      "id": "description",
      "name": "Description",
      "type": "text_long",
      "description": "Detailed description of the item",
      "is_required": true,
      "is_searchable": true,
      "is_quiz_field": true
    }
  ],
  "entities": [],
  "created_by": "testuser",
  "created_at": "2025-05-09T01:31:42.711911",
  "updated_at": "2025-05-09T01:31:42.711921"
}