{
  "id": "7fad534c-fc54-4d5c-89de-91afdc35cdbc",
  "title": "d",
  "description": "d",
  "icon": "\ud83d\udcda",
  "entity_type": "custom",
  "entity_name_singular": "Item",
  "entity_name_plural": "Items",
  "properties": [
    {
      "id": "name",
      "name": "Name",
      "type": "text",
      "description": "Name of the item",
      "is_required": true,
      "is_searchable": true,
      "is_quiz_field": true
    },
    {
      "id": "symbol",
      "name": "Symbol or Code",
      "type": "text",
      "description": "Symbol or short code for the item",
      "is_required": true,
      "is_searchable": true,
      "is_quiz_field": true
    },
    {
      "id": "description",
      "name": "Description",
      "type": "text_long",
      "description": "Detailed description of the item",
      "is_required": true,
      "is_searchable": true,
      "is_quiz_field": true
    }
  ],
  "entities": [],
  "created_by": "testuser",
  "created_at": "2025-05-11T11:26:30.359556",
  "updated_at": "2025-05-11T11:26:30.359569"
}