{
  "id": "84768823-a86e-4cb2-a782-095156e8b9a3",
  "title": "D",
  "description": "D",
  "icon": "\ud83d\udcda",
  "entity_type": "custom",
  "entity_name_singular": "Item",
  "entity_name_plural": "Items",
  "properties": [
    {
      "id": "name",
      "name": "Name",
      "type": "text",
      "description": "Name of the item",
      "is_required": true,
      "is_searchable": true,
      "is_quiz_field": true
    },
    {
      "id": "symbol",
      "name": "Symbol or Code",
      "type": "text",
      "description": "Symbol or short code for the item",
      "is_required": true,
      "is_searchable": true,
      "is_quiz_field": true
    },
    {
      "id": "description",
      "name": "Description",
      "type": "text_long",
      "description": "Detailed description of the item",
      "is_required": true,
      "is_searchable": true,
      "is_quiz_field": true
    }
  ],
  "entities": [],
  "created_by": "testuser",
  "created_at": "2025-05-10T01:31:27.106123",
  "updated_at": "2025-05-10T01:31:27.106137"
}