{
  "id": "a174b40e-143b-48ba-808e-5de6f6437fe3",
  "title": "\u3147",
  "description": "\u3147",
  "icon": "\ud83d\udcda",
  "entity_type": "custom",
  "entity_name_singular": "Item",
  "entity_name_plural": "Items",
  "properties": [
    {
      "id": "name",
      "name": "Name",
      "type": "text",
      "description": "Name of the item",
      "is_required": true,
      "is_searchable": true,
      "is_quiz_field": true
    },
    {
      "id": "symbol",
      "name": "Symbol or Code",
      "type": "text",
      "description": "Symbol or short code for the item",
      "is_required": true,
      "is_searchable": true,
      "is_quiz_field": true
    },
    {
      "id": "description",
      "name": "Description",
      "type": "text_long",
      "description": "Detailed description of the item",
      "is_required": true,
      "is_searchable": true,
      "is_quiz_field": true
    }
  ],
  "entities": [
    {
      "id": "entity_0c118f42",
      "name": "New Item",
      "description": "",
      "values": {
        "name": "",
        "symbol": "",
        "description": ""
      }
    }
  ],
  "created_by": "testuser",
  "created_at": "2025-05-11T12:47:08.349094",
  "updated_at": "2025-05-11T12:47:17.053883"
}