{
  "id": "d_20250512_090332",
  "title": "d",
  "description": "d",
  "entity_type": "",
  "created_by": "testuser",
  "created_at": "2025-05-12T09:03:32.943175",
  "aspects": [
    {
      "id": "wd",
      "name": "wd",
      "type": "text",
      "description": "wd",
      "is_required": true,
      "is_searchable": true,
      "is_quiz_field": true
    },
    {
      "id": "wdds",
      "name": "wdsd",
      "type": "text",
      "description": "wd",
      "is_required": true,
      "is_searchable": true,
      "is_quiz_field": true
    }
  ],
  "entities": [
    {
      "id": "ae801d74-25a3-47f6-acf1-86a9a8b704fe",
      "name": "sw",
      "wd": ""
    },
    {
      "id": "ece22623-4ec1-4465-92ec-867575f441c0",
      "name": "sw",
      "wd": ""
    },
    {
      "id": "17df9b8d-8c99-48eb-b9b1-d5f80a07d673",
      "name": "sws",
      "wd": ""
    },
    {
      "id": "c17ffea8-f713-4d99-823a-c3ba2d11b260",
      "name": "swswd",
      "wd": ""
    },
    {
      "id": "8a2550dc-bfea-4c57-a6cf-5bd19b27f7f6",
      "name": "swswdwdwd",
      "wd": ""
    }
  ],
  "quiz_settings": {
    "input_aspects": [],
    "output_aspects": []
  }
}