{
  "id": "periodic_table_1747057757",
  "title": "Periodic Table",
  "description": "Create a topic based on the periodic table structure, with elements and their properties.",
  "entity_type": "element",
  "created_by": "testuser",
  "created_at": "2025-05-12T22:49:17.191848",
  "updated_at": "2025-05-12T22:49:17.198659",
  "aspects": [
    {
      "name": "Atomic Number",
      "type": "number",
      "required": true
    },
    {
      "name": "Symbol",
      "type": "text",
      "required": true
    },
    {
      "name": "Name",
      "type": "text",
      "required": true
    },
    {
      "name": "Category",
      "type": "text",
      "required": true
    },
    {
      "name": "Atomic Mass",
      "type": "number",
      "required": true
    },
    {
      "name": "Electron Configuration",
      "type": "text",
      "required": true
    },
    {
      "name": "Electronegativity",
      "type": "number",
      "required": false
    },
    {
      "name": "Atomic Radius",
      "type": "number",
      "required": false
    },
    {
      "name": "Ionization Energy",
      "type": "number",
      "required": false
    },
    {
      "name": "Density",
      "type": "number",
      "required": false
    },
    {
      "name": "Melting Point",
      "type": "number",
      "required": false
    },
    {
      "name": "Boiling Point",
      "type": "number",
      "required": false
    },
    {
      "name": "Year Discovered",
      "type": "number",
      "required": false
    },
    {
      "name": "Discovered By",
      "type": "text",
      "required": false
    }
  ],
  "entities": [],
  "quiz_settings": {
    "input_aspects": [],
    "output_aspects": []
  }
}