{
  "id": "periodic_table_20250512_132821",
  "title": "periodic_table",
  "description": "A custom topic.",
  "entity_type": "Item",
  "created_by": "testuser",
  "created_at": "2025-05-12T13:28:21.085316",
  "aspects": [
    {
      "name": "Name",
      "type": "text",
      "required": true
    },
    {
      "name": "Description",
      "type": "text",
      "required": true
    },
    {
      "name": "Category",
      "type": "text",
      "required": true
    }
  ],
  "entities": [],
  "quiz_settings": {
    "input_aspects": [],
    "output_aspects": []
  },
  "icon": "📚",
  "entity_type_plural": "Items"
}