{
  "id": "s_20250512_091207",
  "title": "s",
  "description": "s",
  "entity_type": "",
  "created_by": "testuser",
  "created_at": "2025-05-12T09:12:07.166969",
  "aspects": [
    {
      "id": "cs",
      "name": "sd",
      "type": "text",
      "description": "sd",
      "is_required": true,
      "is_searchable": true,
      "is_quiz_field": true
    },
    {
      "id": "cssd",
      "name": "sdsd",
      "type": "text",
      "description": "sdsd",
      "is_required": true,
      "is_searchable": true,
      "is_quiz_field": true
    }
  ],
  "entities": [
    {
      "id": "e33459e9-2bac-4b5a-9806-e69c677bcf67",
      "name": "sd",
      "cs": "d"
    }
  ],
  "quiz_settings": {
    "input_aspects": [],
    "output_aspects": []
  }
}