{
  "id": "ㄴㅇ_1747058855",
  "title": "ㄴㅇ",
  "description": "ㅈㅇㅈㅇ",
  "entity_type": "ㅈㅇ",
  "created_by": "testuser",
  "created_at": "2025-05-12T23:07:35.975410",
  "updated_at": "2025-05-13T13:06:51.026587",
  "aspects": [
    {
      "id": "x",
      "name": "sd",
      "type": "text",
      "description": "sd",
      "is_required": true,
      "is_searchable": true,
      "is_quiz_field": true
    },
    {
      "id": "x",
      "name": "sdADdWD",
      "type": "text",
      "description": "sd",
      "is_required": true,
      "is_searchable": true,
      "is_quiz_field": true
    }
  ],
  "entities": [
    {
      "id": "59345d1d-5dba-4fc1-92f3-a01533a32551",
      "name": "wd",
      "x": "srhejh"
    },
    {
      "id": "41846b78-3759-4123-bf28-2abb7eaa78dc",
      "name": "wd",
      "x": "srhejh"
    },
    {
      "id": "70fe5295-0116-4b5f-8cbe-0e964218461c",
      "name": "wdsdv",
      "x": "srhejh"
    }
  ],
  "quiz_settings": {
    "input_aspects": [],
    "output_aspects": []
  }
}